{
  "prompt_v1_scores": {
    "faithfulness": 0.7589523809523808,
    "answer_relevancy": 0.6520886765852149,
    "context_recall": 0.7,
    "context_precision": 0.5549999999525833
  },
  "prompt_v2_scores": {
    "faithfulness": 0.8664675324675324,
    "answer_relevancy": 0.6255295878600144,
    "context_recall": 0.72,
    "context_precision": 0.5583333332847499
  },
  "target_met": true
}