{
  "prompt_v1_scores": {
    "faithfulness": 0.7208244617955191,
    "answer_relevancy": 0.6415,
    "context_recall": 0.7476103341103341,
    "context_precision": 0.12397315637204484
  },
  "prompt_v2_scores": {
    "faithfulness": 0.6478760287139832,
    "answer_relevancy": 0.6619285714285713,
    "context_recall": 0.7476103341103341,
    "context_precision": 0.12397315637204484
  },
  "target_met": false
}